{"loss":{"0":27.7311038971,"1":1.2554575205,"2":1.0093790293,"3":1.1953657866,"4":1.0577700138,"5":1.0684918165,"6":1.0480562449,"7":1.1602162123,"8":1.1070692539,"9":1.0334531069},"accuracy":{"0":0.4187499881,"1":0.428124994,"2":0.478125006,"3":0.453125,"4":0.53125,"5":0.493750006,"6":0.5124999881,"7":0.541139245,"8":0.5062500238,"9":0.6031249762},"precision":{"0":0.3927492499,"1":0.5,"2":0.5412843823,"3":0.4919786155,"4":0.5080906153,"5":0.4818481803,"6":0.5024752617,"7":0.4740566015,"8":0.4961636961,"9":0.487234056},"recall":{"0":0.40625,"1":0.159374997,"2":0.184375003,"3":0.287499994,"4":0.490624994,"5":0.4562500119,"6":0.6343749762,"7":0.6360759735,"8":0.6062499881,"9":0.7156249881},"auc":{"0":0.5780175328,"1":0.5731567144,"2":0.6771728396,"3":0.6414452195,"4":0.6812500358,"5":0.6482812762,"6":0.6842626929,"7":0.6407551765,"8":0.6838427782,"9":0.6972851157},"sensitivity_at_specificity":{"0":0.6343749762,"1":0.5687500238,"2":0.7406250238,"3":0.6906250119,"4":0.7531250119,"5":0.6843749881,"6":0.765625,"7":0.6962025166,"8":0.7406250238,"9":0.7687500119},"specificity_at_sensitivity":{"0":0.6203125119,"1":0.5671874881,"2":0.7046874762,"3":0.6765624881,"4":0.7515624762,"5":0.7093750238,"6":0.7171875238,"7":0.6882911325,"8":0.7437499762,"9":0.7546874881},"val_loss":{"0":1.2265988588,"1":0.9834817052,"2":1.4333335161,"3":1.006541729,"4":1.1072194576,"5":1.0675839186,"6":1.1451793909,"7":1.035556078,"8":1.2705513239,"9":1.7896827459},"val_accuracy":{"0":0.349999994,"1":0.4844827652,"2":0.287931025,"3":0.4431034625,"4":0.5068965554,"5":0.5,"6":0.4482758641,"7":0.5327585936,"8":0.4293103516,"9":0.4482758641},"val_precision":{"0":0.5595238209,"1":0.4769230783,"2":0.2560000122,"3":0.4548944235,"4":0.4832535982,"5":0.5252336264,"6":0.451559931,"7":0.5649819374,"8":0.4315620065,"9":0.4090909064},"val_recall":{"0":0.0810344815,"1":0.0534482747,"2":0.1655172408,"3":0.4086206853,"4":0.174137935,"5":0.4844827652,"6":0.4741379321,"7":0.539655149,"8":0.462068975,"9":0.7448275685},"val_auc":{"0":0.5246663094,"1":0.6453722715,"2":0.4472072124,"3":0.6581822038,"4":0.6469715834,"5":0.6871150732,"6":0.6790027022,"7":0.6889618039,"8":0.618671298,"9":0.6668043733},"val_sensitivity_at_specificity":{"0":0.4241379201,"1":0.6482758522,"2":0.3224138021,"3":0.7206896544,"4":0.6793103218,"5":0.7327586412,"6":0.7431034446,"7":0.7189655304,"8":0.6724137664,"9":0.7241379023},"val_specificity_at_sensitivity":{"0":0.4499999881,"1":0.7060344815,"2":0.376724124,"3":0.6094827652,"4":0.6672413945,"5":0.6508620977,"6":0.6913793087,"7":0.6534482837,"8":0.663793087,"9":0.7008620501}}